INSERT INTO categories (id, name, slug, description, seo_title, seo_description, status, sort_order)
VALUES
  (4, 'Conversion', 'conversion', 'Unit conversion calculators for length, weight, and temperature.', 'Conversion Calculators | Length, Weight and Temperature', 'Convert common units online with simple conversion calculators.', 'published', 4),
  (5, 'Date & Time', 'date-time', 'Date and time calculators for ages, date differences, and work duration estimates.', 'Date and Time Calculators | Age, Duration and Date Difference', 'Calculate ages, date differences, and time durations with free online tools.', 'published', 5);

INSERT INTO calculators (id, category_id, name, slug, short_description, long_description, h1_title, intro_content, how_to_use, formula_explanation, examples_content, notes_content, formula_type, formula_config_json, status, sort_order)
VALUES
  (104, 2, 'Unit Price Calculator', 'unit-price-calculator', 'Compare prices by calculating cost per unit.', 'Compare packages and bulk purchases with a cost-per-unit value.', 'Unit Price Calculator', 'Enter total price and quantity to find price per unit.', 'Enter price; Enter quantity; Compare unit price', 'Unit price = total price / quantity.', '$18 for 12 items equals $1.50 per item.', 'Use the same unit type when comparing products.', 'unit_price', '{}', 'published', 4),
  (105, 2, 'Compound Interest Calculator', 'compound-interest-calculator', 'Estimate future value and interest earned over time.', 'Estimate how an initial principal grows with repeated compounding.', 'Compound Interest Calculator', 'Enter principal, annual rate, years, and compounding frequency.', 'Enter principal; Enter rate; Choose term and compounding', 'Future value = principal x (1 + rate / n)^(n x years).', '$10,000 at 5% monthly for 10 years grows to about $16,470.09.', 'Does not include taxes, fees, inflation, or added contributions.', 'compound_interest', '{}', 'published', 5),
  (106, 2, 'Mortgage Calculator', 'mortgage-calculator', 'Estimate mortgage principal, interest, and monthly housing costs.', 'Estimate loan amount, principal and interest payment, monthly total, and total interest.', 'Mortgage Calculator', 'Enter home price, down payment, rate, term, and monthly costs.', 'Enter home price; Enter loan terms; Add monthly costs', 'Mortgage payment uses the fixed-rate amortization formula.', '$400,000 with $80,000 down at 6.75% over 30 years has about $2,075 principal and interest.', 'Does not include HOA, PMI, closing costs, or rate changes.', 'mortgage_payment', '{}', 'published', 6),
  (107, 3, 'Tip Calculator', 'tip-calculator', 'Calculate tip amount, total bill, and split cost per person.', 'Estimate gratuity, total cost, and per-person split for a bill.', 'Tip Calculator', 'Enter bill amount, tip percentage, and number of people.', 'Enter bill; Enter tip; Enter people', 'Tip = bill x tip percent / 100. Per person = total / people.', '$80 with an 18% tip is $94.40 total.', 'Local tipping customs and service charges can vary.', 'tip', '{}', 'published', 7),
  (108, 3, 'Discount Calculator', 'discount-calculator', 'Calculate sale price, discount amount, and optional tax.', 'Find savings from a percentage discount and estimate final price after tax.', 'Discount Calculator', 'Enter original price, discount percentage, and tax rate.', 'Enter price; Enter discount; Add tax', 'Discount amount = original price x discount percentage / 100.', '25% off $120 saves $30.', 'Stores may apply coupons and taxes in different orders.', 'discount', '{}', 'published', 8),
  (109, 3, 'Sales Tax Calculator', 'sales-tax-calculator', 'Calculate tax amount and total price after tax.', 'Estimate tax amount and final price from purchase amount and tax rate.', 'Sales Tax Calculator', 'Enter a price and tax rate to estimate total after tax.', 'Enter price; Enter tax rate; Review total', 'Tax amount = price x tax rate / 100.', '$50 at 8.25% adds $4.13 tax.', 'Tax rules vary by location, product, and exemption.', 'sales_tax', '{}', 'published', 9),
  (110, 2, 'Savings Goal Calculator', 'savings-goal-calculator', 'Estimate how long it takes to reach a savings goal.', 'Estimate remaining amount, months to goal, and years to goal.', 'Savings Goal Calculator', 'Enter goal amount, current savings, and monthly contribution.', 'Enter goal; Enter current savings; Enter monthly contribution', 'Months to goal = remaining amount / monthly contribution.', '$500 per month toward a $12,000 goal from $2,000 saved takes 20 months.', 'Does not include interest, fees, or market returns.', 'savings_goal', '{}', 'published', 10),
  (111, 1, 'Calorie Calculator', 'calorie-calculator', 'Estimate BMR, maintenance calories, and a simple deficit target.', 'Estimate basal metabolic rate and daily maintenance calories.', 'Calorie Calculator', 'Enter body details and activity level to estimate daily calorie needs.', 'Enter body details; Choose activity; Review calories', 'BMR uses the Mifflin-St Jeor equation.', 'A moderately active 70 kg male can estimate maintenance calories.', 'Calorie estimates are rough planning tools.', 'calorie', '{}', 'published', 11),
  (112, 1, 'Body Fat Calculator', 'body-fat-calculator', 'Estimate body fat percentage using circumference measurements.', 'Use the US Navy circumference method for a body fat estimate.', 'Body Fat Calculator', 'Enter circumference measurements in centimeters.', 'Choose gender; Enter measurements; Review estimate', 'Uses US Navy circumference equations after converting centimeters to inches.', 'A male with 86 cm waist and 39 cm neck can estimate body fat.', 'This differs from DEXA, calipers, or other methods.', 'body_fat', '{}', 'published', 12),
  (113, 1, 'Pace Calculator', 'pace-calculator', 'Calculate running pace, total minutes, and speed.', 'Estimate minutes per mile and miles per hour from distance and finish time.', 'Pace Calculator', 'Enter distance and time to calculate pace and speed.', 'Enter distance; Enter time; Review pace', 'Pace = total minutes / distance. Speed = distance / hours.', '6.2 miles in 50 minutes is about 8.06 minutes per mile.', 'This version uses miles.', 'pace', '{}', 'published', 13),
  (114, 5, 'Age Calculator', 'age-calculator', 'Calculate age in years, months, and total months.', 'Estimate age from a birth date to a selected as-of date.', 'Age Calculator', 'Enter birth date and as-of date to calculate age.', 'Enter birth date; Enter as-of date; Review age', 'Age compares full calendar years and months between two dates.', '1990-01-15 to 2026-04-12 is 36 years and 2 months.', 'Uses UTC date construction to avoid time zone drift.', 'age', '{}', 'published', 14),
  (115, 5, 'Date Difference Calculator', 'date-difference-calculator', 'Calculate days, weeks, and approximate months between two dates.', 'Count days between a start date and an end date.', 'Date Difference Calculator', 'Enter two dates to calculate the difference.', 'Enter start date; Enter end date; Review difference', 'Days are calculated from UTC timestamps.', '2026-01-01 to 2026-04-12 is 101 days.', 'Approximate months use 30.4375 days.', 'date_difference', '{}', 'published', 15),
  (116, 5, 'Time Duration Calculator', 'time-duration-calculator', 'Calculate elapsed time between two 24-hour times.', 'Estimate minutes and decimal hours between a start and end time.', 'Time Duration Calculator', 'Enter start time, end time, and break minutes.', 'Enter start; Enter end; Subtract break', 'Duration minutes = end time - start time - break minutes.', '9:00 to 17:30 with 30-minute break is 8 hours.', 'Use 24-hour time.', 'time_duration', '{}', 'published', 16),
  (117, 4, 'Length Converter', 'length-converter', 'Convert between common length and distance units.', 'Convert millimeters, centimeters, meters, kilometers, inches, feet, yards, and miles.', 'Length Converter', 'Enter a value and choose units to convert length.', 'Enter value; Choose from unit; Choose to unit', 'Converts source value to meters, then to target unit.', '10 kilometers equals about 6.21 miles.', 'Uses standard international conversion factors.', 'length_conversion', '{}', 'published', 17),
  (118, 4, 'Weight Converter', 'weight-converter', 'Convert between grams, kilograms, ounces, pounds, and tons.', 'Convert common metric and US customary weight units.', 'Weight Converter', 'Enter a value and select units to convert weight.', 'Enter value; Choose from unit; Choose to unit', 'Converts source value to kilograms, then to target unit.', '10 kilograms equals about 22.05 pounds.', 'The ton option uses the US short ton.', 'weight_conversion', '{}', 'published', 18),
  (119, 4, 'Temperature Converter', 'temperature-converter', 'Convert Celsius, Fahrenheit, and Kelvin.', 'Convert values between Celsius, Fahrenheit, and Kelvin.', 'Temperature Converter', 'Enter a temperature and choose source and target units.', 'Enter value; Choose from unit; Choose to unit', 'Converts source temperature to Celsius, then to target unit.', '68 degrees Fahrenheit equals 20 degrees Celsius.', 'Kelvin values below absolute zero are not physically meaningful.', 'temperature_conversion', '{}', 'published', 19),
  (120, 2, 'Fuel Cost Calculator', 'fuel-cost-calculator', 'Estimate fuel needed, trip cost, and cost per mile.', 'Estimate gallons needed, total fuel cost, and cost per mile.', 'Fuel Cost Calculator', 'Enter distance, MPG, and price per gallon to estimate fuel cost.', 'Enter distance; Enter MPG; Enter fuel price', 'Gallons needed = distance / MPG. Total fuel cost = gallons x price.', '300 miles at 30 MPG and $3.50 per gallon costs about $35.', 'Actual cost varies with traffic, terrain, and fuel price.', 'fuel_cost', '{}', 'published', 20);

INSERT INTO calculator_fields (calculator_id, field_key, label, input_type, unit_type, placeholder, default_value, is_required, validation_rules_json, sort_order)
VALUES
  (104, 'totalPrice', 'Total price', 'number', 'USD', '18', '18', 1, '{"min":0.01}', 1),
  (104, 'quantity', 'Quantity', 'number', NULL, '12', '12', 1, '{"min":0.01}', 2),
  (105, 'principal', 'Principal', 'number', 'USD', '10000', '10000', 1, '{"min":0.01}', 1),
  (105, 'annualRate', 'Annual rate', 'number', '%', '5', '5', 1, '{"min":0}', 2),
  (105, 'years', 'Years', 'number', 'years', '10', '10', 1, '{"min":0.1}', 3),
  (105, 'compoundsPerYear', 'Compounds per year', 'select', NULL, NULL, '12', 1, '{"options":["1","4","12","365"]}', 4),
  (106, 'homePrice', 'Home price', 'number', 'USD', '400000', '400000', 1, '{"min":1}', 1),
  (106, 'downPayment', 'Down payment', 'number', 'USD', '80000', '80000', 1, '{"min":0}', 2),
  (106, 'annualRate', 'Annual rate', 'number', '%', '6.75', '6.75', 1, '{"min":0}', 3),
  (106, 'years', 'Loan term', 'number', 'years', '30', '30', 1, '{"min":1}', 4),
  (106, 'propertyTaxMonthly', 'Monthly property tax', 'number', 'USD', '350', '350', 1, '{"min":0}', 5),
  (106, 'insuranceMonthly', 'Monthly insurance', 'number', 'USD', '125', '125', 1, '{"min":0}', 6),
  (107, 'billAmount', 'Bill amount', 'number', 'USD', '80', '80', 1, '{"min":0.01}', 1),
  (107, 'tipPercent', 'Tip', 'number', '%', '18', '18', 1, '{"min":0}', 2),
  (107, 'people', 'People', 'number', NULL, '2', '2', 1, '{"min":1}', 3),
  (108, 'originalPrice', 'Original price', 'number', 'USD', '120', '120', 1, '{"min":0.01}', 1),
  (108, 'discountPercent', 'Discount', 'number', '%', '25', '25', 1, '{"min":0,"max":100}', 2),
  (108, 'taxPercent', 'Tax', 'number', '%', '8', '8', 1, '{"min":0}', 3),
  (109, 'price', 'Price', 'number', 'USD', '50', '50', 1, '{"min":0.01}', 1),
  (109, 'taxRate', 'Tax rate', 'number', '%', '8.25', '8.25', 1, '{"min":0}', 2),
  (110, 'goalAmount', 'Goal amount', 'number', 'USD', '12000', '12000', 1, '{"min":0.01}', 1),
  (110, 'currentSavings', 'Current savings', 'number', 'USD', '2000', '2000', 1, '{"min":0}', 2),
  (110, 'monthlyContribution', 'Monthly contribution', 'number', 'USD', '500', '500', 1, '{"min":0.01}', 3),
  (111, 'weightKg', 'Weight', 'number', 'kg', '70', '70', 1, '{"min":1}', 1),
  (111, 'heightCm', 'Height', 'number', 'cm', '175', '175', 1, '{"min":1}', 2),
  (111, 'age', 'Age', 'number', 'years', '30', '30', 1, '{"min":1}', 3),
  (111, 'gender', 'Gender', 'select', NULL, NULL, 'male', 1, '{"options":["male","female"]}', 4),
  (111, 'activityFactor', 'Activity level', 'select', NULL, NULL, '1.55', 1, '{"options":["1.2","1.375","1.55","1.725"]}', 5),
  (112, 'gender', 'Gender', 'select', NULL, NULL, 'male', 1, '{"options":["male","female"]}', 1),
  (112, 'waistCm', 'Waist', 'number', 'cm', '86', '86', 1, '{"min":1}', 2),
  (112, 'neckCm', 'Neck', 'number', 'cm', '39', '39', 1, '{"min":1}', 3),
  (112, 'heightCm', 'Height', 'number', 'cm', '178', '178', 1, '{"min":1}', 4),
  (112, 'hipCm', 'Hip', 'number', 'cm', '96', '96', 0, '{"min":0}', 5),
  (113, 'distance', 'Distance', 'number', 'mi', '6.2', '6.2', 1, '{"min":0.01}', 1),
  (113, 'hours', 'Hours', 'number', NULL, '0', '0', 1, '{"min":0}', 2),
  (113, 'minutes', 'Minutes', 'number', NULL, '50', '50', 1, '{"min":0}', 3),
  (113, 'seconds', 'Seconds', 'number', NULL, '0', '0', 1, '{"min":0}', 4),
  (114, 'birthYear', 'Birth year', 'number', NULL, '1990', '1990', 1, '{"min":1}', 1),
  (114, 'birthMonth', 'Birth month', 'number', NULL, '1', '1', 1, '{"min":1,"max":12}', 2),
  (114, 'birthDay', 'Birth day', 'number', NULL, '15', '15', 1, '{"min":1,"max":31}', 3),
  (114, 'asOfYear', 'As-of year', 'number', NULL, '2026', '2026', 1, '{"min":1}', 4),
  (114, 'asOfMonth', 'As-of month', 'number', NULL, '4', '4', 1, '{"min":1,"max":12}', 5),
  (114, 'asOfDay', 'As-of day', 'number', NULL, '12', '12', 1, '{"min":1,"max":31}', 6),
  (115, 'startYear', 'Start year', 'number', NULL, '2026', '2026', 1, '{"min":1}', 1),
  (115, 'startMonth', 'Start month', 'number', NULL, '1', '1', 1, '{"min":1,"max":12}', 2),
  (115, 'startDay', 'Start day', 'number', NULL, '1', '1', 1, '{"min":1,"max":31}', 3),
  (115, 'endYear', 'End year', 'number', NULL, '2026', '2026', 1, '{"min":1}', 4),
  (115, 'endMonth', 'End month', 'number', NULL, '4', '4', 1, '{"min":1,"max":12}', 5),
  (115, 'endDay', 'End day', 'number', NULL, '12', '12', 1, '{"min":1,"max":31}', 6),
  (116, 'startHour', 'Start hour', 'number', NULL, '9', '9', 1, '{"min":0,"max":23}', 1),
  (116, 'startMinute', 'Start minute', 'number', NULL, '0', '0', 1, '{"min":0,"max":59}', 2),
  (116, 'endHour', 'End hour', 'number', NULL, '17', '17', 1, '{"min":0,"max":23}', 3),
  (116, 'endMinute', 'End minute', 'number', NULL, '30', '30', 1, '{"min":0,"max":59}', 4),
  (116, 'breakMinutes', 'Break', 'number', 'min', '30', '30', 1, '{"min":0}', 5),
  (117, 'value', 'Value', 'number', NULL, '10', '10', 1, '{}', 1),
  (117, 'fromUnit', 'From', 'select', NULL, NULL, 'kilometer', 1, '{"options":["millimeter","centimeter","meter","kilometer","inch","foot","yard","mile"]}', 2),
  (117, 'toUnit', 'To', 'select', NULL, NULL, 'mile', 1, '{"options":["millimeter","centimeter","meter","kilometer","inch","foot","yard","mile"]}', 3),
  (118, 'value', 'Value', 'number', NULL, '10', '10', 1, '{}', 1),
  (118, 'fromUnit', 'From', 'select', NULL, NULL, 'kilogram', 1, '{"options":["gram","kilogram","ounce","pound","ton"]}', 2),
  (118, 'toUnit', 'To', 'select', NULL, NULL, 'pound', 1, '{"options":["gram","kilogram","ounce","pound","ton"]}', 3),
  (119, 'value', 'Value', 'number', NULL, '68', '68', 1, '{}', 1),
  (119, 'fromUnit', 'From', 'select', NULL, NULL, 'fahrenheit', 1, '{"options":["celsius","fahrenheit","kelvin"]}', 2),
  (119, 'toUnit', 'To', 'select', NULL, NULL, 'celsius', 1, '{"options":["celsius","fahrenheit","kelvin"]}', 3),
  (120, 'distance', 'Distance', 'number', 'mi', '300', '300', 1, '{"min":0.01}', 1),
  (120, 'mpg', 'Fuel economy', 'number', 'MPG', '30', '30', 1, '{"min":0.01}', 2),
  (120, 'pricePerGallon', 'Fuel price', 'number', 'USD/gal', '3.50', '3.50', 1, '{"min":0.01}', 3);

INSERT INTO calculator_results (calculator_id, result_key, label, format_type, decimal_places, description, sort_order)
VALUES
  (104, 'unitPrice', 'Unit price', 'currency', 2, 'Cost per unit.', 1),
  (105, 'futureValue', 'Future value', 'currency', 2, 'Projected final balance.', 1),
  (105, 'interestEarned', 'Interest earned', 'currency', 2, 'Projected interest earned.', 2),
  (106, 'loanAmount', 'Loan amount', 'currency', 2, 'Amount financed.', 1),
  (106, 'principalAndInterest', 'Principal and interest', 'currency', 2, 'Monthly loan payment before taxes and insurance.', 2),
  (106, 'monthlyTotal', 'Estimated monthly total', 'currency', 2, 'Principal, interest, tax, and insurance.', 3),
  (106, 'totalInterest', 'Total interest', 'currency', 2, 'Interest across the loan term.', 4),
  (107, 'tipAmount', 'Tip amount', 'currency', 2, 'Calculated tip.', 1),
  (107, 'totalAmount', 'Total amount', 'currency', 2, 'Bill plus tip.', 2),
  (107, 'perPerson', 'Per person', 'currency', 2, 'Even split per person.', 3),
  (108, 'discountAmount', 'Discount amount', 'currency', 2, 'Savings before tax.', 1),
  (108, 'salePrice', 'Sale price', 'currency', 2, 'Price after discount before tax.', 2),
  (108, 'totalAfterTax', 'After-tax total', 'currency', 2, 'Estimated total after tax.', 3),
  (109, 'taxAmount', 'Tax amount', 'currency', 2, 'Calculated sales tax.', 1),
  (109, 'totalPrice', 'Total price', 'currency', 2, 'Price after sales tax.', 2),
  (110, 'remainingAmount', 'Remaining amount', 'currency', 2, 'Amount left to save.', 1),
  (110, 'monthsToGoal', 'Months to goal', 'number', 1, 'Estimated months remaining.', 2),
  (110, 'yearsToGoal', 'Years to goal', 'number', 2, 'Estimated years remaining.', 3),
  (111, 'bmr', 'BMR', 'number', 0, 'Estimated calories burned at rest.', 1),
  (111, 'maintenanceCalories', 'Maintenance calories', 'number', 0, 'Estimated daily maintenance calories.', 2),
  (111, 'weightLossCalories', '500-calorie deficit target', 'number', 0, 'Simple daily deficit target.', 3),
  (112, 'bodyFatPercent', 'Body fat', 'percent', 1, 'Estimated body fat percentage.', 1),
  (113, 'totalMinutes', 'Total minutes', 'number', 2, 'Total duration in minutes.', 1),
  (113, 'paceMinutesPerMile', 'Pace minutes per mile', 'number', 2, 'Minutes per mile.', 2),
  (113, 'speedMph', 'Speed mph', 'number', 2, 'Miles per hour.', 3),
  (114, 'ageYears', 'Age years', 'number', 0, 'Full years.', 1),
  (114, 'ageMonthsRemainder', 'Extra months', 'number', 0, 'Months after full years.', 2),
  (114, 'totalMonths', 'Total months', 'number', 0, 'Total full months.', 3),
  (115, 'days', 'Days', 'number', 0, 'Days between dates.', 1),
  (115, 'weeks', 'Weeks', 'number', 2, 'Weeks between dates.', 2),
  (115, 'monthsApprox', 'Approximate months', 'number', 2, 'Approximate months between dates.', 3),
  (116, 'durationMinutes', 'Duration minutes', 'number', 0, 'Elapsed minutes after break.', 1),
  (116, 'durationHours', 'Duration hours', 'number', 2, 'Elapsed decimal hours after break.', 2),
  (117, 'convertedValue', 'Converted value', 'number', 4, 'Converted length value.', 1),
  (118, 'convertedValue', 'Converted value', 'number', 4, 'Converted weight value.', 1),
  (119, 'convertedValue', 'Converted value', 'number', 2, 'Converted temperature value.', 1),
  (120, 'gallonsNeeded', 'Gallons needed', 'number', 2, 'Estimated fuel quantity.', 1),
  (120, 'totalFuelCost', 'Total fuel cost', 'currency', 2, 'Estimated trip fuel cost.', 2),
  (120, 'costPerMile', 'Cost per mile', 'currency', 2, 'Estimated fuel cost per mile.', 3);

INSERT INTO calculator_faqs (calculator_id, question, answer, sort_order)
VALUES
  (104, 'What is unit price?', 'Unit price is the cost for one unit of a product.', 1),
  (104, 'Why compare unit prices?', 'It makes different package sizes easier to compare.', 2),
  (105, 'What does compounding mean?', 'Compounding means interest is added to the balance and future interest is calculated on that larger balance.', 1),
  (105, 'Does this include contributions?', 'No. This estimate uses one starting principal.', 2),
  (106, 'Does this include PMI?', 'No. Add PMI separately if it applies.', 1),
  (106, 'Why include tax and insurance?', 'They are common monthly housing costs and make the total more realistic.', 2),
  (107, 'Can I split the bill?', 'Yes. Enter the number of people and the total is divided evenly.', 1),
  (107, 'Does this include tax?', 'It uses the bill amount you enter.', 2),
  (108, 'Can I enter zero tax?', 'Yes. Enter 0 for a pre-tax sale price only.', 1),
  (108, 'What is the sale price formula?', 'Sale price is original price minus the discount amount.', 2),
  (109, 'Does this support tax-inclusive pricing?', 'No. This assumes the entered price is before tax.', 1),
  (109, 'Can I use any tax rate?', 'Yes. Enter the rate that applies to your location or purchase.', 2),
  (110, 'Does this include interest?', 'No. It estimates a straight-line timeline from monthly contributions.', 1),
  (110, 'What if I already reached the goal?', 'The remaining amount becomes zero and the timeline shows zero months.', 2),
  (111, 'What is BMR?', 'BMR is an estimate of calories your body uses at rest.', 1),
  (111, 'Is the deficit target safe for everyone?', 'No. Calorie targets should be personalized.', 2),
  (112, 'Is hip measurement required?', 'It is required for the female US Navy estimate.', 1),
  (112, 'How accurate is this method?', 'It is a convenient estimate and depends on measurement consistency.', 2),
  (113, 'Can I use kilometers?', 'This version labels distance as miles, so convert kilometers first.', 1),
  (113, 'What does pace mean?', 'Pace is the time it takes to cover one distance unit.', 2),
  (114, 'Does this use today automatically?', 'This demo uses an editable as-of date for predictable results.', 1),
  (114, 'Why are days not shown?', 'The current result focuses on years and months.', 2),
  (115, 'Are dates inclusive?', 'The result is elapsed difference between timestamps, not an inclusive calendar count.', 1),
  (115, 'Why are months approximate?', 'Months have different lengths, so this uses the average month length.', 2),
  (116, 'Does it support overnight shifts?', 'Yes. If end time is earlier, it treats the end as the next day.', 1),
  (116, 'Can break time be zero?', 'Yes. Enter 0 if no break should be subtracted.', 2),
  (117, 'Which units are supported?', 'Millimeters, centimeters, meters, kilometers, inches, feet, yards, and miles are supported.', 1),
  (117, 'Can I convert negative values?', 'Yes, if you intentionally need a signed length value.', 2),
  (118, 'What ton does this use?', 'It uses the US short ton of 2,000 pounds.', 1),
  (118, 'Does this convert force?', 'No. This is an everyday mass and weight unit converter.', 2),
  (119, 'Does this support Kelvin?', 'Yes. You can convert to and from Kelvin.', 1),
  (119, 'What is 68 degrees Fahrenheit in Celsius?', '68 degrees Fahrenheit is 20 degrees Celsius.', 2),
  (120, 'Does this work for electric vehicles?', 'No. This version is for MPG and price per gallon.', 1),
  (120, 'Should I use highway or city MPG?', 'Use the MPG that best matches expected driving conditions.', 2);

INSERT INTO seo_meta (ref_type, ref_id, meta_title, meta_description, canonical_url, robots)
VALUES
  ('calculator', 104, 'Unit Price Calculator - Compare Cost Per Unit', 'Find cost per unit for groceries, bulk purchases, and everyday price comparisons.', '/calculator/unit-price-calculator', 'index,follow'),
  ('calculator', 105, 'Compound Interest Calculator - Future Value Estimate', 'Estimate compound interest, future value, and interest earned over time.', '/calculator/compound-interest-calculator', 'index,follow'),
  ('calculator', 106, 'Mortgage Calculator - Estimate Monthly House Payment', 'Estimate mortgage payment, loan amount, monthly housing cost, and total interest.', '/calculator/mortgage-calculator', 'index,follow'),
  ('calculator', 107, 'Tip Calculator - Split Bill and Tip Amount', 'Calculate tip amount, total bill, and per-person split with a free tip calculator.', '/calculator/tip-calculator', 'index,follow'),
  ('calculator', 108, 'Discount Calculator - Sale Price and Savings', 'Find discount amount, sale price, and after-tax total from an original price and discount percent.', '/calculator/discount-calculator', 'index,follow'),
  ('calculator', 109, 'Sales Tax Calculator - Tax Amount and Total Price', 'Calculate sales tax amount and final price after tax from a price and tax rate.', '/calculator/sales-tax-calculator', 'index,follow'),
  ('calculator', 110, 'Savings Goal Calculator - Months to Reach a Goal', 'Estimate how many months and years it takes to reach a savings goal.', '/calculator/savings-goal-calculator', 'index,follow'),
  ('calculator', 111, 'Calorie Calculator - Estimate Daily Calorie Needs', 'Estimate BMR, maintenance calories, and a simple calorie deficit target.', '/calculator/calorie-calculator', 'index,follow'),
  ('calculator', 112, 'Body Fat Calculator - Estimate Body Fat Percentage', 'Estimate body fat percentage from waist, neck, height, and hip measurements.', '/calculator/body-fat-calculator', 'index,follow'),
  ('calculator', 113, 'Pace Calculator - Running Pace and Speed', 'Calculate running pace, total minutes, and speed from distance and finish time.', '/calculator/pace-calculator', 'index,follow'),
  ('calculator', 114, 'Age Calculator - Calculate Age in Years and Months', 'Calculate age from birth date to a selected date in years, months, and total months.', '/calculator/age-calculator', 'index,follow'),
  ('calculator', 115, 'Date Difference Calculator - Days Between Dates', 'Calculate days, weeks, and approximate months between two dates.', '/calculator/date-difference-calculator', 'index,follow'),
  ('calculator', 116, 'Time Duration Calculator - Hours Between Times', 'Calculate elapsed minutes and hours between two 24-hour times with optional break time.', '/calculator/time-duration-calculator', 'index,follow'),
  ('calculator', 117, 'Length Converter - Convert Distance Units', 'Convert length and distance units including meters, kilometers, inches, feet, yards, and miles.', '/calculator/length-converter', 'index,follow'),
  ('calculator', 118, 'Weight Converter - Convert kg, lb, oz and More', 'Convert grams, kilograms, ounces, pounds, and US tons with a free weight converter.', '/calculator/weight-converter', 'index,follow'),
  ('calculator', 119, 'Temperature Converter - Celsius, Fahrenheit and Kelvin', 'Convert temperatures between Celsius, Fahrenheit, and Kelvin online.', '/calculator/temperature-converter', 'index,follow'),
  ('calculator', 120, 'Fuel Cost Calculator - Trip Gas Cost Estimate', 'Estimate gallons needed, total fuel cost, and cost per mile for a trip.', '/calculator/fuel-cost-calculator', 'index,follow');
